"binned_digital_scores_rtree","true_label_digital_score_brain"
"1","4",7.02981827634408
"2","0",0
"3","0",0
"4","0",0
"5","0",0
"6","2",0.147662791762202
"7","0",0
"8","0",0
"9","0",0
"10","0",0
"11","4",20.1194117800448
"12","3",4.02163749446668
"13","4",19.3140076750236
"14","0",0
"15","0",0
"16","0",0.00764122002456867
"17","0",0
"18","0",0
"19","0",0
"20","3",0.491738357038681
"21","3",2.91774062086774
"22","3",2.55452480138911
"23","0",0
"24","0",0
"25","0",0
"26","3",2.27335589506349
"27","3",3.38752408766119
"28","0",0
"29","0",0
"30","0",0
"31","4",9.73643495757199
"32","0",0
"33","0",0
"34","4",7.36588318593685
"35","4",5.4309596182993
"36","4",7.01802491059221
"37","4",5.52463355363874
"38","3",2.01344375812566
"39","4",7.95051567429788
"40","3",3.09891733473956
"41","0",0
"42","0",0
"43","0",0
"44","0",0
"45","0",0
"46","0",0
"47","0",0
"48","4",11.1790870115832
"49","0",0
"50","0",0
"51","2",0.147285217747791
"52","4",6.53048662183258
"53","0",0
"54","2",0.225096086775473
"55","0",0
"56","0",0
"57","4",11.2580688819065
"58","4",15.2009010659127
"59","3",2.4078216199849
"60","3",0.874718422880196
"61","0",0
"62","0",0
"63","2",0.112712200412304
"64","0",0
"65","0",0
"66","4",15.3054870432048
"67","4",6.0654381695386
"68","3",3.22408919728705
"69","3",1.91239228008024
"70","4",4.59663150203519
"71","3",0.675887707220792
"72","3",2.35741385929835
"73","0",0
"74","4",6.15864241874511
"75","0",0
"76","0",0
"77","3",2.04874472227956
"78","0",0
"79","0",0
"80","0",0
"81","0",0
"82","0",0
"83","0",0
"84","0",0
"85","0",0
"86","2",0.230929193503802
"87","2",0.445004179437989
"88","4",7.4425613659653
"89","3",1.75009221893894
"90","0",0
"91","0",0
"92","2",0.150516005476433
"93","0",0
"94","0",0
"95","2",0.104350383852223
"96","3",1.0286079299108
"97","0",0
"98","0",0
"99","0",0
"100","0",0
"101","0",0
"102","0",0
"103","0",0
"104","0",0
"105","0",0
"106","0",0
